text,intent
"I want a refund for my damaged mug from order 12345.","Refund Request"
"Please refund my purchase, the item arrived broken.","Refund Request"
"Can I get my money back? The product is defective.","Refund Request"
"I'd like to return this and get a refund.","Refund Request"
"Refund please — the package arrived shattered.","Refund Request"
"How do I return a damaged item and get my money back?","Refund Request"
"Order 11234 had broken glassware, I want a refund.","Refund Request"
"I need a full refund for the defective headphones.","Refund Request"
"The mug set arrived smashed, requesting refund.","Refund Request"
"Charged me for an item that came broken — refund please.","Refund Request"
"Asking for a partial refund since one piece is cracked.","Refund Request"
"Item didn't match description, want money back.","Refund Request"
"Request to cancel order and refund the charge.","Refund Request"
"Refund my order asap, item is unusable.","Refund Request"
"Hi I'd like reimbursement for the broken vase.","Refund Request"
"Return shipped, when will my refund post?","Refund Request"
"Need a refund — the laptop stand is bent.","Refund Request"
"My headphones don't work, please refund.","Refund Request"
"Bought the hoodie last week, want to return for refund.","Refund Request"
"Refund requested for cracked plate set.","Refund Request"
"Please process a refund for order #44291, the blender is dead on arrival.","Refund Request"
"I'd like a refund — the lamp shattered in shipping.","Refund Request"
"Could you refund me? The dress arrived with a torn seam.","Refund Request"
"I want my money back, the sunglasses are scratched.","Refund Request"
"Refund needed for the candles, they all melted in transit.","Refund Request"
"Hi team, requesting a refund on order 88812 — defective speaker.","Refund Request"
"Need a refund issued to my card, the watch stopped working day one.","Refund Request"
"The toaster is faulty. Please refund.","Refund Request"
"Returning the kettle today, when will the refund hit my account?","Refund Request"
"I want a refund for the boots — left one came damaged.","Refund Request"
"Money back please, the chair leg is broken.","Refund Request"
"Refund request: order 99002, glass picture frame arrived smashed.","Refund Request"
"Can I be refunded for the cracked phone case?","Refund Request"
"Reimburse me for the broken plates please.","Refund Request"
"Requesting a refund on this order, the item is unsafe to use.","Refund Request"
"The mirror came with a huge crack. I want a refund, not a replacement.","Refund Request"
"Could I get a refund on the office chair? Wheel is broken.","Refund Request"
"Looking to return my order and get refunded ASAP.","Refund Request"
"Send me a refund — the package was empty.","Refund Request"
"Refund please, I changed my mind about the purchase.","Refund Request"
"I'd like a return label and a refund for order 33450.","Refund Request"
"Hello, the rug doesn't match what was shown. Refund please.","Refund Request"
"Order arrived in pieces, requesting full refund.","Refund Request"
"Headphones cut out constantly, want refund.","Refund Request"
"I want a refund because the dress doesn't fit and tags are still on.","Refund Request"
"Refund needed for damaged painting.","Refund Request"
"Please reverse the charge for order 77891 — items defective.","Refund Request"
"My order is unusable, I expect a full refund.","Refund Request"
"Hi, returning the printer tomorrow. Need a refund.","Refund Request"
"Refund? The shoes are two different sizes.","Refund Request"
"Item was damaged during delivery, I want my money back.","Refund Request"
"Demand a refund for the broken espresso machine.","Refund Request"
"Refund please. I never opened it, just changed my mind.","Refund Request"
"I'd like to cancel and refund — I no longer need the item.","Refund Request"
"Please refund order #12999 — the entire set arrived shattered.","Refund Request"
"Need to return for refund, the wrong size showed up.","Refund Request"
"Refund my order, I'm not satisfied with the quality.","Refund Request"
"Can you refund the shipping cost too? Item arrived damaged.","Refund Request"
"Want a full refund, not store credit.","Refund Request"
"Please refund — the camera lens is broken.","Refund Request"
"Looking for a refund on order 22310, the bracelet snapped immediately.","Refund Request"
"Hi, I returned my package last week and still no refund.","Refund Request"
"Refund still hasn't appeared after 10 business days.","Refund Request"
"Where is my refund? I shipped the return on the 5th.","Refund Request"
"When can I expect my refund to be processed?","Refund Request"
"Refund timeline question — package received by your warehouse 6 days ago.","Refund Request"
"I shipped the return, please refund my card.","Refund Request"
"Refund status please — RMA #88812.","Refund Request"
"Could you check on my refund? It's been 3 weeks.","Refund Request"
"Refund hasn't shown up on my statement yet.","Refund Request"
"Hi, refund for order 11209 still missing.","Refund Request"
"Need a refund for the wrong-color sweater.","Refund Request"
"Refund needed urgently — the food item arrived spoiled.","Refund Request"
"Please refund the perfume, it leaked everywhere in the box.","Refund Request"
"I want a refund for the cracked tablet screen on arrival.","Refund Request"
"Order arrived with missing pieces, I want a refund.","Refund Request"
"Refund please, contents don't match the description.","Refund Request"
"Please refund. The candle wick was missing entirely.","Refund Request"
"Need refund for broken handle on the suitcase.","Refund Request"
"I want to return the necklace for a refund — clasp is broken.","Refund Request"
"Refund needed: water bottle leaks badly.","Refund Request"
"Could you refund order #56601? Item never worked.","Refund Request"
"I'd like a refund on the smartwatch — won't charge.","Refund Request"
"Refund please — the laptop has a dead pixel cluster.","Refund Request"
"Want my money back, the rug smells terrible.","Refund Request"
"Refund for order 77129. Wrong product entirely.","Refund Request"
"Please issue a refund. I no longer want this item.","Refund Request"
"Refund — the gift card I bought doesn't redeem.","Refund Request"
"Want a refund for the e-book that won't download.","Refund Request"
"Refund my order, I bought it by mistake.","Refund Request"
"Could I get a partial refund? Only one item was damaged.","Refund Request"
"Partial refund request for the broken cup in the set.","Refund Request"
"Refund half the price please — one of the two arrived broken.","Refund Request"
"Need a partial refund, the discount wasn't applied originally.","Refund Request"
"Refund $30 of my order — the second item is damaged.","Refund Request"
"Please refund just the shipping, I'll keep the items.","Refund Request"
"Need to be refunded for tax overcharge.","Refund Request"
"Refund the duplicate item I was sent and charged for.","Refund Request"
"Want my money back for the wrong-flavor delivery.","Refund Request"
"Refund the missing item from my order please.","Refund Request"
"Hi support, refund needed for damaged ornaments.","Refund Request"
"Dear team, please refund order #99001 due to defective unit.","Refund Request"
"Hello, requesting a refund on a recent purchase.","Refund Request"
"Hi, I need to initiate a refund process.","Refund Request"
"Greetings — refund needed for order 22091.","Refund Request"
"Hi there, would like to start a refund.","Refund Request"
"Customer service, I need a refund issued.","Refund Request"
"Hello — broken item, refund please.","Refund Request"
"Hi, refund inquiry: order 33102.","Refund Request"
"Refund initiated please for purchase last Tuesday.","Refund Request"
"I demand a refund right now, this is unacceptable.","Refund Request"
"Refund me immediately. The product is dangerous.","Refund Request"
"Give me my money back, this is fraud.","Refund Request"
"I want a refund NOW, three weeks of waiting is enough.","Refund Request"
"Refund or I'm calling my bank.","Refund Request"
"Refund this disaster of a purchase.","Refund Request"
"I'm furious — refund my account immediately.","Refund Request"
"Refund or I dispute the charge with my card company.","Refund Request"
"This is the worst product ever — refund me!","Refund Request"
"Refund. End of discussion.","Refund Request"
"Quick question — refund eligible if I opened the box?","Refund Request"
"Are refunds available for opened items?","Refund Request"
"Can I get a refund 35 days after purchase?","Refund Request"
"Is the item eligible for refund if I lost the receipt?","Refund Request"
"What's the process for a refund on a sale item?","Refund Request"
"Can I get refunded if I paid with PayPal?","Refund Request"
"Do you offer refunds on digital purchases?","Refund Request"
"How do I request a refund on a gift?","Refund Request"
"Refund question — can I get one without the original packaging?","Refund Request"
"Is a refund possible after using the item once?","Refund Request"
"Refund please — order 11091, broken wine glasses.","Refund Request"
"Got the package today, items damaged, need refund.","Refund Request"
"Refund needed for soggy box of cookies, arrived crushed.","Refund Request"
"Need refund for the headphones — left earbud dead.","Refund Request"
"Refund my order, the picture frame glass is shattered.","Refund Request"
"Want a refund: my plant arrived dead.","Refund Request"
"Please refund — the cake mix box was opened and tampered with.","Refund Request"
"Refund request: ordered black, received gray.","Refund Request"
"Refund: ordered XL, got S.","Refund Request"
"Refund needed for cosmetics — seal was broken.","Refund Request"
"I would like to be refunded on order 44502.","Refund Request"
"Refunding the smartwatch — strap broke first day.","Refund Request"
"Could I be refunded for the keyboard? Some keys don't register.","Refund Request"
"Please reimburse me for the broken iron.","Refund Request"
"Money back required: defective hair dryer.","Refund Request"
"Refund the chess set — pieces missing.","Refund Request"
"Need a refund — the puzzle box was empty.","Refund Request"
"Want to be reimbursed for the wrong-size jacket.","Refund Request"
"Refund my recent purchase — order 12333.","Refund Request"
"Refund processing request for return shipment R-882.","Refund Request"
"Yesterday's order needs to be refunded — wrong items sent.","Refund Request"
"Refund the order I placed last Sunday.","Refund Request"
"Refund #99221 — return tracking shows delivered to warehouse.","Refund Request"
"Refund please. I'd appreciate a quick turnaround.","Refund Request"
"Could I get a refund without sending the item back?","Refund Request"
"Refund without return possible? The item is too damaged to ship.","Refund Request"
"Refund request — item never used, still in original packaging.","Refund Request"
"Need refund for unworn shoes.","Refund Request"
"Refund please. Tags still attached.","Refund Request"
"Refund. The instructions are in a language I don't read and the item is unusable.","Refund Request"
"Want a refund — item arrived 6 weeks late and I bought elsewhere.","Refund Request"
"Refund please, the event I needed it for already passed.","Refund Request"
"Refund — birthday gift arrived too late.","Refund Request"
"Refund needed: bought wrong model number.","Refund Request"
"Refund: ordered the wrong size.","Refund Request"
"Refund please — duplicate order placed by mistake.","Refund Request"
"I accidentally ordered twice, refund one please.","Refund Request"
"Refund my order — I clicked checkout twice.","Refund Request"
"Refund please. Order placed in error.","Refund Request"
"Refund the second of my two recent purchases.","Refund Request"
"Refund — item shipped to wrong address and never recovered.","Refund Request"
"Refund please, I never received the parcel and tracking says lost.","Refund Request"
"Refund: package was destroyed in transit per carrier note.","Refund Request"
"Refund — item burned in the warehouse fire I read about.","Refund Request"
"Refund for lost shipment, USPS confirmed not found.","Refund Request"
"Refund please — I no longer trust this product after reviews I read.","Refund Request"
"Refund the supplements, ingredients don't match what's listed.","Refund Request"
"Refund: this product was recalled and I want my money back.","Refund Request"
"Refund for safety issue — battery swelling.","Refund Request"
"Refund please — item burned out within 10 minutes of use.","Refund Request"
"Refund: returning faulty headphones via UPS tomorrow.","Refund Request"
"Refund: package returned by carrier as undeliverable, please process refund.","Refund Request"
"Refund the dress — was supposed to be silk but is polyester.","Refund Request"
"Refund — fragrance description was completely wrong.","Refund Request"
"Refund: ad showed feature my item doesn't have.","Refund Request"
"Refund please. Item not as advertised.","Refund Request"
"Refund — false advertising on the listing.","Refund Request"
"Refund my order — color way off from photos.","Refund Request"
"Refund please — measurements totally wrong.","Refund Request"
"Refund: I bought based on a review that turned out to be fake.","Refund Request"
"Refund my order — bonus item shown in ad wasn't included.","Refund Request"
"Refund: subscription auto-renewed without consent.","Refund Request"
"Refund the auto-charge I didn't authorize.","Refund Request"
"Refund my subscription — never agreed to recurring billing.","Refund Request"
"Refund: charged after I cancelled the trial.","Refund Request"
"Refund my membership fee — I cancelled before renewal.","Refund Request"
"Refund please — was charged after free trial despite cancellation.","Refund Request"
"Refund for the cancelled order that still got charged.","Refund Request"
"Refund my deposit — I'm cancelling the pre-order.","Refund Request"
"Refund please. I'm done with this purchase.","Refund Request"
"Where is my package? It's been 9 days.","Delivery Issue"
"Tracking hasn't updated since Monday.","Delivery Issue"
"My order is late, FedEx tracking shows nothing.","Delivery Issue"
"Package has been stuck in transit for a week.","Delivery Issue"
"Estimated delivery was yesterday and it never came.","Delivery Issue"
"Order says delivered but I never received it.","Delivery Issue"
"Where's my shipment? Order 12290 hasn't arrived.","Delivery Issue"
"The courier left it at the wrong address.","Delivery Issue"
"I need to update my shipping address before it ships.","Delivery Issue"
"Tracking number is not working on the carrier site.","Delivery Issue"
"Has my package shipped yet? It's been 3 days.","Delivery Issue"
"Delivery is delayed, when will I get my order?","Delivery Issue"
"USPS shows the package is lost.","Delivery Issue"
"My order keeps getting rescheduled by the carrier.","Delivery Issue"
"I missed the delivery, how do I reschedule?","Delivery Issue"
"Package arrived to the neighbor by mistake.","Delivery Issue"
"I selected next-day shipping but it's been a week.","Delivery Issue"
"Why hasn't my parcel moved in 5 days?","Delivery Issue"
"Order shipped but no tracking info provided.","Delivery Issue"
"Delivery driver said no one was home but I was here.","Delivery Issue"
"Where is my order? It's been two weeks.","Delivery Issue"
"Package still showing 'label created' after 4 days.","Delivery Issue"
"Tracking says delivered but nothing on my porch.","Delivery Issue"
"Order 88110 hasn't shown any movement in 6 days.","Delivery Issue"
"Why is my delivery so late?","Delivery Issue"
"My package is stuck at the distribution center.","Delivery Issue"
"Carrier marked delivered but I'm watching my door — nothing came.","Delivery Issue"
"Delivery date keeps slipping every day.","Delivery Issue"
"FedEx says 'exception' on my tracking, what does that mean?","Delivery Issue"
"Package has been 'out for delivery' for 3 days.","Delivery Issue"
"Shipment hasn't moved from your warehouse.","Delivery Issue"
"Where is order 33129? Promised by Tuesday.","Delivery Issue"
"I paid for express shipping and it's been a full week.","Delivery Issue"
"My delivery is overdue by 5 days.","Delivery Issue"
"Driver claims attempted delivery but nobody knocked.","Delivery Issue"
"Tracking link gives an error.","Delivery Issue"
"DHL has no record of my shipment.","Delivery Issue"
"Package shows as 'in transit' for 12 days now.","Delivery Issue"
"Order placed Nov 1, still not here.","Delivery Issue"
"Lost package — carrier confirmed it can't be found.","Delivery Issue"
"Where can I file a lost package claim?","Delivery Issue"
"Package never arrived, want to file a claim.","Delivery Issue"
"USPS lost my shipment, what do I do?","Delivery Issue"
"Tracking shows my parcel was returned to sender.","Delivery Issue"
"Why was my package returned to you?","Delivery Issue"
"Box arrived empty, package was tampered with.","Delivery Issue"
"Open package delivered, contents missing.","Delivery Issue"
"Carrier delivered to wrong unit number.","Delivery Issue"
"Delivered to wrong house entirely.","Delivery Issue"
"GPS proof shows delivery 3 doors down.","Delivery Issue"
"Need shipping address corrected on order 12091 before dispatch.","Delivery Issue"
"Wrong shipping address on file — please update.","Delivery Issue"
"Can I redirect my package to a new address?","Delivery Issue"
"Just moved, can the delivery be sent to my new address?","Delivery Issue"
"Need to change ZIP code on shipment.","Delivery Issue"
"Address typo — apartment number missing.","Delivery Issue"
"Want to update delivery instructions: leave at side door.","Delivery Issue"
"Can I add a note for the carrier?","Delivery Issue"
"Could you change delivery to my office address?","Delivery Issue"
"Delivery address change needed urgently.","Delivery Issue"
"Carrier scheduled delivery for a day I'm not home.","Delivery Issue"
"Missed delivery — how to schedule pickup at depot?","Delivery Issue"
"Need to reschedule delivery to Saturday.","Delivery Issue"
"Driver attempted twice and now I have to retrieve from depot?","Delivery Issue"
"Can you redeliver tomorrow?","Delivery Issue"
"Hold at facility please — won't be home this week.","Delivery Issue"
"Need delivery to be on Friday only.","Delivery Issue"
"Reschedule the attempted delivery please.","Delivery Issue"
"Pickup window question — when can I collect from carrier?","Delivery Issue"
"Missed signature delivery, what's next?","Delivery Issue"
"Why is shipping so slow this time?","Delivery Issue"
"Standard shipping seems much longer than promised.","Delivery Issue"
"Expected delivery within 3 days, it's been 10.","Delivery Issue"
"Why does it take 2 weeks for ground shipping?","Delivery Issue"
"Order acknowledged 5 days ago, hasn't shipped.","Delivery Issue"
"Processing time too long, when will it ship?","Delivery Issue"
"Why is fulfillment taking so long?","Delivery Issue"
"Tracking shows preparing for over a week.","Delivery Issue"
"Hi, can you expedite my pending shipment?","Delivery Issue"
"Could you upgrade my shipping to overnight?","Delivery Issue"
"Hi, order 99110, where is it?","Delivery Issue"
"Status of shipment for purchase last Friday?","Delivery Issue"
"Delivery question — when does it actually arrive?","Delivery Issue"
"Can I track my order? Confirmation email had no link.","Delivery Issue"
"Tracking number returns 'not found'.","Delivery Issue"
"Provide me tracking please.","Delivery Issue"
"Need updated tracking — old number is dead.","Delivery Issue"
"Tracking page errors out every time.","Delivery Issue"
"Where's the tracking info for order 22999?","Delivery Issue"
"Have you shipped order 11200 yet?","Delivery Issue"
"Delivery never arrived despite confirmation.","Delivery Issue"
"It says delivered 2 hours ago, nothing here.","Delivery Issue"
"Marked as delivered, I checked everywhere — nothing.","Delivery Issue"
"Looking everywhere on my property, no package found.","Delivery Issue"
"USPS shows delivered to mailbox but mailbox is empty.","Delivery Issue"
"Driver dropped at lobby, package gone now.","Delivery Issue"
"Front desk has no record of my parcel.","Delivery Issue"
"Could you reship — delivery was lost.","Delivery Issue"
"Carrier claims left with neighbor, neighbor has nothing.","Delivery Issue"
"Package supposedly delivered, security cam shows no driver.","Delivery Issue"
"My package is going to be late again, isn't it?","Delivery Issue"
"When can I expect delivery, honestly?","Delivery Issue"
"Original delivery date passed weeks ago.","Delivery Issue"
"What's the new delivery estimate?","Delivery Issue"
"Delivery delayed twice, will it ever come?","Delivery Issue"
"Order taking forever, what's going on?","Delivery Issue"
"Honest ETA please — I need this for an event.","Delivery Issue"
"Tell me a real delivery date.","Delivery Issue"
"How much longer for my package?","Delivery Issue"
"Can I get an update on shipment progress?","Delivery Issue"
"International shipping question — order in EU, item in US.","Delivery Issue"
"Customs delay on my order to Canada?","Delivery Issue"
"Shipment stuck in customs for 3 weeks.","Delivery Issue"
"Why does international shipping take so long?","Delivery Issue"
"Cross-border parcel hasn't moved in 10 days.","Delivery Issue"
"Order to UK never arrived.","Delivery Issue"
"International tracking ended at port and stopped.","Delivery Issue"
"Asia delivery much later than expected.","Delivery Issue"
"European order delayed in customs.","Delivery Issue"
"Australian shipment lost in transit.","Delivery Issue"
"Package showed up wet and partially destroyed.","Delivery Issue"
"Box arrived crushed flat.","Delivery Issue"
"Outer carton was opened during shipping.","Delivery Issue"
"Package had a hole punched in the side.","Delivery Issue"
"Box looks like it was dropped repeatedly.","Delivery Issue"
"Shipping damage on the outer box.","Delivery Issue"
"Carrier mishandled the package badly.","Delivery Issue"
"Box wet through, possibly contents damaged.","Delivery Issue"
"Package arrived ripped open.","Delivery Issue"
"Visible damage to shipping box.","Delivery Issue"
"Carrier left package in the rain.","Delivery Issue"
"Delivery left out front in the snow.","Delivery Issue"
"Driver tossed package over fence.","Delivery Issue"
"Package thrown onto porch from street.","Delivery Issue"
"Carrier left fragile item upside down.","Delivery Issue"
"Hi, can I switch carriers? UPS keeps losing my deliveries here.","Delivery Issue"
"Can you ship via a different courier?","Delivery Issue"
"Carrier choice — can I request FedEx instead of USPS?","Delivery Issue"
"Tracking link from your email goes to wrong carrier site.","Delivery Issue"
"Did the carrier change after shipment?","Delivery Issue"
"Why did the carrier rebrand mid-shipment?","Delivery Issue"
"Multiple tracking numbers — which one is correct?","Delivery Issue"
"Order split into two shipments, only got one.","Delivery Issue"
"Half the order arrived, other half lost?","Delivery Issue"
"Partial shipment — where's the rest?","Delivery Issue"
"Order shows as one box but only one of two arrived.","Delivery Issue"
"Two-day shipping turned into ten days.","Delivery Issue"
"Two-day promised, paid extra, didn't arrive on time.","Delivery Issue"
"Refund expedited shipping fee — wasn't expedited.","Delivery Issue"
"Saturday delivery missed despite paying for it.","Delivery Issue"
"Hi, my parcel is stuck in your warehouse for 8 days.","Delivery Issue"
"Order acknowledged but never dispatched.","Delivery Issue"
"Items not picked from your warehouse yet?","Delivery Issue"
"Stuck on 'preparing for shipment' for 11 days.","Delivery Issue"
"Why hasn't my order moved from your facility?","Delivery Issue"
"Warehouse delay update please.","Delivery Issue"
"Pre-order shipment date — when?","Delivery Issue"
"My back-ordered item — any ETA?","Delivery Issue"
"Order on hold, why?","Delivery Issue"
"When will my order be packed and shipped?","Delivery Issue"
"Driver took photo at wrong door.","Delivery Issue"
"Delivery photo shows different house.","Delivery Issue"
"Tracking proof photo is from another address.","Delivery Issue"
"Photo confirmation doesn't match my home.","Delivery Issue"
"GPS confirmation off by half a mile.","Delivery Issue"
"Carrier says delivered, photo doesn't match.","Delivery Issue"
"Photo is of a porch, my address is an apartment.","Delivery Issue"
"Carrier mismatched address — I'm in a high-rise, photo is a house.","Delivery Issue"
"Verify delivery please, the photo isn't mine.","Delivery Issue"
"Wrong house in delivery confirmation photo.","Delivery Issue"
"Package shipped to my old address.","Delivery Issue"
"I updated address before shipment, but it went to old one.","Delivery Issue"
"Order shipped to wrong city entirely.","Delivery Issue"
"Got confirmation of delivery to a state I don't live in.","Delivery Issue"
"Carrier sent it to a completely different person.","Delivery Issue"
"Was the shipping label wrong?","Delivery Issue"
"Why was it shipped to my billing address not shipping address?","Delivery Issue"
"Order went to billing address by mistake.","Delivery Issue"
"Shipping label error — wrong city listed.","Delivery Issue"
"Could you reship since the original went to the wrong place?","Delivery Issue"
"Delivery delay due to weather is okay, but no updates is not.","Delivery Issue"
"Weather delay — fine, but please communicate.","Delivery Issue"
"Heard about the storm, but I want an ETA after.","Delivery Issue"
"Will weather delay continue much longer?","Delivery Issue"
"Snow delay update for my order?","Delivery Issue"
"Holiday delivery delay — when can I expect?","Delivery Issue"
"Black Friday order — when will it ship?","Delivery Issue"
"Christmas delivery cutoff missed?","Delivery Issue"
"Will it arrive before December 24?","Delivery Issue"
"Holiday shipping FAQ — what's the cutoff?","Delivery Issue"
"Need delivery confirmation for insurance claim.","Delivery Issue"
"Lost package — need carrier confirmation in writing.","Delivery Issue"
"Provide carrier loss documentation please.","Delivery Issue"
"Need proof of lost shipment for chargeback.","Delivery Issue"
"Can you confirm in writing that the package is lost?","Delivery Issue"
"Officially declare my package lost so I can claim.","Delivery Issue"
"Need shipping claim form for damaged delivery.","Delivery Issue"
"How do I file a delivery dispute?","Delivery Issue"
"Package theft suspected — left at door, then gone.","Delivery Issue"
"Porch piracy — what next?","Delivery Issue"
"The hoodie is the wrong size, I ordered medium got XL.","Product Complaint"
"Battery on the headphones dies in 6 hours, listing said 18.","Product Complaint"
"The color of the shirt is different from the photo.","Product Complaint"
"Quality of this product is way worse than expected.","Product Complaint"
"Fabric is itchy and feels cheap.","Product Complaint"
"This item doesn't work as described.","Product Complaint"
"The mug is smaller than advertised.","Product Complaint"
"Got the wrong item — ordered blue, got green.","Product Complaint"
"Product arrived but doesn't match the website.","Product Complaint"
"Headphones have buzzing sound out of the box.","Product Complaint"
"Stitching on the shirt is coming apart already.","Product Complaint"
"Wrong flavor delivered instead of mango.","Product Complaint"
"Sizing chart is misleading, doesn't fit at all.","Product Complaint"
"This isn't what I ordered, sent the wrong product.","Product Complaint"
"Material feels different from the description.","Product Complaint"
"Smaller than expected, photos are deceiving.","Product Complaint"
"Battery life is half what was advertised.","Product Complaint"
"Item works but very poor quality.","Product Complaint"
"The blanket is shedding fibers everywhere.","Product Complaint"
"Colors faded after one wash.","Product Complaint"
"Pants are way too tight despite being my usual size.","Product Complaint"
"Got XL when I ordered L, totally wrong.","Product Complaint"
"Dress runs two sizes small.","Product Complaint"
"Shoes are not the size on the box.","Product Complaint"
"Sweater is enormous, even though it's my normal size.","Product Complaint"
"Sleeves are way longer than expected.","Product Complaint"
"Length of the skirt is much shorter than shown.","Product Complaint"
"Bra fit is completely off from the size chart.","Product Complaint"
"Jacket is missing a button.","Product Complaint"
"Hat is too tight, despite ordering 'one size fits all'.","Product Complaint"
"Cup shows tiny in real life, large in photo.","Product Complaint"
"Display picture is misleading — real product is much smaller.","Product Complaint"
"Got pink when I ordered red.","Product Complaint"
"Color is way more orange than the website's deep crimson.","Product Complaint"
"Off-white in the photo, but it's cream in reality.","Product Complaint"
"Item received is in the wrong color entirely.","Product Complaint"
"Black on the site, charcoal gray in real life.","Product Complaint"
"Color difference is dramatic compared to product page.","Product Complaint"
"The 'navy' is actually closer to royal blue.","Product Complaint"
"Photo showed a darker shade, this is pastel.","Product Complaint"
"Headphones don't connect via Bluetooth as promised.","Product Complaint"
"Speaker volume is way lower than advertised.","Product Complaint"
"Camera has poor image quality.","Product Complaint"
"Phone case doesn't fit my model.","Product Complaint"
"Charger doesn't work with my device.","Product Complaint"
"USB cable is the wrong type.","Product Complaint"
"Smartwatch won't pair with iPhone.","Product Complaint"
"TV remote is unresponsive.","Product Complaint"
"Microphone is barely audible.","Product Complaint"
"Keyboard keys are sticking.","Product Complaint"
"Material feels like plastic, not leather as listed.","Product Complaint"
"Wool is scratchy, not 'soft merino'.","Product Complaint"
"Cotton blend listed, but feels synthetic.","Product Complaint"
"Wood is veneer, not solid as described.","Product Complaint"
"Bag is fake leather, not real.","Product Complaint"
"Linen is way thinner than expected.","Product Complaint"
"Suede is just synthetic.","Product Complaint"
"Silk feels like polyester.","Product Complaint"
"Cashmere claim seems false — feels rough.","Product Complaint"
"Sheen on the fabric is plasticky.","Product Complaint"
"Stitching is uneven and looks cheap.","Product Complaint"
"Hem is unraveling on first wear.","Product Complaint"
"Zipper is broken out of the box.","Product Complaint"
"Button popped off immediately.","Product Complaint"
"Seam is splitting after one use.","Product Complaint"
"Tag inside is itchy and not removable.","Product Complaint"
"Hood drawstring is missing.","Product Complaint"
"Pockets are sewn shut.","Product Complaint"
"Lining is poorly attached.","Product Complaint"
"Velcro doesn't stick.","Product Complaint"
"Got the wrong shirt — different design entirely.","Product Complaint"
"Wrong product sent — ordered earbuds, got headphones.","Product Complaint"
"Received a different item than what I ordered.","Product Complaint"
"Order mix-up — wrong customer's product.","Product Complaint"
"Got someone else's order entirely.","Product Complaint"
"Wrong shoe model shipped.","Product Complaint"
"Sent the wrong book title.","Product Complaint"
"Wrong fragrance delivered.","Product Complaint"
"Got the kids' version, ordered adult.","Product Complaint"
"Wrong electronics — ordered the gold one, got silver.","Product Complaint"
"Battery on the device drains in an hour.","Product Complaint"
"Vacuum has no suction.","Product Complaint"
"Blender stops mid-blend.","Product Complaint"
"Toaster only browns one side.","Product Complaint"
"Iron doesn't heat up.","Product Complaint"
"Hair dryer rattles loudly.","Product Complaint"
"Microwave button broken.","Product Complaint"
"Fridge runs too warm.","Product Complaint"
"Air purifier doesn't actually clean.","Product Complaint"
"Heater barely warms the room.","Product Complaint"
"Phone battery swells after a week.","Product Complaint"
"Tablet screen flickers.","Product Complaint"
"Laptop fan grinds.","Product Complaint"
"Mouse double-clicks on its own.","Product Complaint"
"Headphone jack is faulty.","Product Complaint"
"Game controller drift on right stick.","Product Complaint"
"Smartwatch crashes daily.","Product Complaint"
"Speaker static even at low volume.","Product Complaint"
"TV has dead pixels.","Product Complaint"
"Webcam image is blurry permanently.","Product Complaint"
"Soap smells like nothing.","Product Complaint"
"Candle scent throw is non-existent.","Product Complaint"
"Perfume smells nothing like the description.","Product Complaint"
"Cologne fades in 10 minutes.","Product Complaint"
"Lotion has weird chemical smell.","Product Complaint"
"Cream irritates skin immediately.","Product Complaint"
"Shampoo smells fine but dries hair out.","Product Complaint"
"Conditioner does nothing.","Product Complaint"
"Lipstick texture is gritty.","Product Complaint"
"Foundation is several shades darker than the swatch.","Product Complaint"
"Food item tastes stale.","Product Complaint"
"Snacks are way past expiration.","Product Complaint"
"Tea has weird aftertaste.","Product Complaint"
"Coffee beans are stale.","Product Complaint"
"Chocolate has white film on it.","Product Complaint"
"Drink has carbonation issues.","Product Complaint"
"Wine cork was loose, possibly oxidized.","Product Complaint"
"Sauce jar was half empty.","Product Complaint"
"Cereal box was crushed and contents stale.","Product Complaint"
"Spice has lost its potency.","Product Complaint"
"Furniture wobbles.","Product Complaint"
"Chair leg uneven, rocks back and forth.","Product Complaint"
"Table surface has a scratch right in the middle.","Product Complaint"
"Drawer doesn't slide smoothly.","Product Complaint"
"Couch cushions deflated after a week.","Product Complaint"
"Bed frame creaks loudly with any movement.","Product Complaint"
"Bookshelf is missing screws.","Product Complaint"
"Cabinet doors don't align.","Product Complaint"
"Lamp shade is dented.","Product Complaint"
"Picture frame is warped.","Product Complaint"
"Toy is much smaller than the box suggests.","Product Complaint"
"Toy is broken straight out of the box.","Product Complaint"
"Plush is missing an eye.","Product Complaint"
"Action figure has a hand snapped off.","Product Complaint"
"Puzzle is missing 3 pieces.","Product Complaint"
"Board game missing dice.","Product Complaint"
"Lego set missing important pieces.","Product Complaint"
"Doll has rough plastic edges.","Product Complaint"
"Building blocks don't fit together.","Product Complaint"
"Kid's toy has sharp edges, unsafe.","Product Complaint"
"Book pages were torn out.","Product Complaint"
"Book had printing errors on multiple pages.","Product Complaint"
"Magazine subscription started with wrong issue.","Product Complaint"
"Hardcover came scratched.","Product Complaint"
"Cover art doesn't match what was shown.","Product Complaint"
"Audiobook code didn't work.","Product Complaint"
"Ebook has formatting issues.","Product Complaint"
"Map is outdated despite new edition claim.","Product Complaint"
"Pages are stuck together.","Product Complaint"
"Spine is already cracking.","Product Complaint"
"Plant arrived wilted and brown.","Product Complaint"
"Flowers were dried out.","Product Complaint"
"Seeds appear non-viable.","Product Complaint"
"Pot is cracked.","Product Complaint"
"Soil bag was leaking.","Product Complaint"
"Bulbs were moldy.","Product Complaint"
"Garden tool has a bent handle.","Product Complaint"
"Hose has a hole in it already.","Product Complaint"
"Sprinkler doesn't oscillate.","Product Complaint"
"Trowel handle came off.","Product Complaint"
"Tools look used despite being labeled new.","Product Complaint"
"Drill bit is dull.","Product Complaint"
"Saw blade has rust on it.","Product Complaint"
"Hammer head wobbles on handle.","Product Complaint"
"Wrench set is incomplete.","Product Complaint"
"Tape measure won't retract.","Product Complaint"
"Level is not actually level.","Product Complaint"
"Screwdriver tip is stripped.","Product Complaint"
"Knife is dull out of the box.","Product Complaint"
"Pliers don't grip well.","Product Complaint"
"Jewelry tarnished within a day.","Product Complaint"
"Necklace clasp doesn't hold.","Product Complaint"
"Ring is loose, doesn't fit listed size.","Product Complaint"
"Earring backs missing.","Product Complaint"
"Bracelet snaps under normal wear.","Product Complaint"
"Watch face has a scratch.","Product Complaint"
"Necklace chain too thin to hold pendant.","Product Complaint"
"Diamond is obviously not real.","Product Complaint"
"Gold plating peeled off.","Product Complaint"
"Stones falling out already.","Product Complaint"
"Listing mentioned waterproof, item isn't.","Product Complaint"
"Said wireless, but it requires a cable.","Product Complaint"
"Marketed as eco-friendly, packaging was plastic-heavy.","Product Complaint"
"Description said vegan, ingredients list animal byproducts.","Product Complaint"
"Listed organic, but no certification.","Product Complaint"
"Said hypoallergenic, my skin says otherwise.","Product Complaint"
"Claimed sugar-free, has sugar in ingredients.","Product Complaint"
"Listed gluten-free but contains wheat.","Product Complaint"
"Advertised handmade, looks factory-produced.","Product Complaint"
"Said locally sourced, label says imported.","Product Complaint"
"Performance is nowhere near what was promised.","Product Complaint"
"Specs sheet doesn't match the actual product.","Product Complaint"
"Numbers on the box are different from the listing.","Product Complaint"
"Capacity is less than stated.","Product Complaint"
"Range is shorter than advertised.","Product Complaint"
"Speed is much slower than promised.","Product Complaint"
"Resolution doesn't match listed specs.","Product Complaint"
"Audio output far below advertised wattage.","Product Complaint"
"Coverage area is way less than claimed.","Product Complaint"
"Stated lifespan was 5 years, broke in 3 months.","Product Complaint"
"I was charged twice for the same order.","Payment Failure"
"My card was declined but the money was still taken.","Payment Failure"
"Double charge on my credit card statement.","Payment Failure"
"Payment didn't go through but I got charged.","Payment Failure"
"The checkout failed but my bank shows a charge.","Payment Failure"
"I see two charges for the same purchase, please refund one.","Payment Failure"
"Why is there a duplicate transaction on my card?","Payment Failure"
"Card error at checkout but money was deducted.","Payment Failure"
"My PayPal was charged twice for order 12275.","Payment Failure"
"Got charged but order didn't go through.","Payment Failure"
"Pending charge that never cleared, what happened?","Payment Failure"
"Three pending authorizations on my card from your store.","Payment Failure"
"Payment was processed but no order confirmation.","Payment Failure"
"Billing issue — charged the wrong amount.","Payment Failure"
"The total charged doesn't match my invoice.","Payment Failure"
"Apple Pay said success but no order placed.","Payment Failure"
"Triple charge on my Visa for order 99821.","Payment Failure"
"Two duplicate orders, one charge each, I only wanted one.","Payment Failure"
"Card was declined yet the amount is missing from my balance.","Payment Failure"
"Bank shows pending charge from yesterday, I didn't get a confirmation.","Payment Failure"
"I paid $80 but my invoice says $100.","Payment Failure"
"Charged extra fee not shown at checkout.","Payment Failure"
"Why is my total $5 higher than the cart?","Payment Failure"
"Currency conversion fee surprised me — wasn't disclosed.","Payment Failure"
"Tax calculation seems incorrect on my receipt.","Payment Failure"
"Shipping charge doubled at the final step.","Payment Failure"
"Discounted price didn't apply, charged full.","Payment Failure"
"Final amount on statement doesn't match invoice.","Payment Failure"
"Where is the breakdown of these charges?","Payment Failure"
"Hidden fees on my purchase, can you explain?","Payment Failure"
"My checkout keeps failing — error message about payment.","Payment Failure"
"Card declined for no reason — it works elsewhere.","Payment Failure"
"Bank flagged your charge as fraud.","Payment Failure"
"Payment method error during checkout.","Payment Failure"
"Can't complete order, payment keeps timing out.","Payment Failure"
"Visa says insufficient funds but my balance is fine.","Payment Failure"
"AMEX declined, why?","Payment Failure"
"Mastercard rejected at checkout.","Payment Failure"
"Discover charge gets blocked.","Payment Failure"
"International card not accepted, why?","Payment Failure"
"PayPal balance was charged but no order placed.","Payment Failure"
"PayPal account locked because of your charge.","Payment Failure"
"Apple Pay glitch — charged but no order.","Payment Failure"
"Google Pay didn't go through but charged.","Payment Failure"
"Stripe processing error returned but order doesn't exist.","Payment Failure"
"Klarna installment showing but my order is missing.","Payment Failure"
"Afterpay charge happened, where's my order?","Payment Failure"
"Affirm financing approved, order never placed.","Payment Failure"
"Buy now pay later double charge.","Payment Failure"
"Crypto payment received your end? No order showing.","Payment Failure"
"Refund not showing on my card — it's been 14 days.","Payment Failure"
"Where is the refund I was promised last week?","Payment Failure"
"Refund processed but money not in my account.","Payment Failure"
"Statement still shows the original charge, no refund credit.","Payment Failure"
"Refund pending forever, will it actually come?","Payment Failure"
"Refund disappeared from pending.","Payment Failure"
"Refund credit notice issued but no actual refund.","Payment Failure"
"Bank says no refund received from your merchant ID.","Payment Failure"
"Refund status email says complete, statement says no.","Payment Failure"
"When does a refund actually post?","Payment Failure"
"Subscription billed me but I cancelled last month.","Payment Failure"
"Recurring charge keeps coming, can't unsubscribe.","Payment Failure"
"Annual renewal charged without warning.","Payment Failure"
"Trial converted to paid without notice.","Payment Failure"
"Monthly fee charged twice in one billing cycle.","Payment Failure"
"Subscription doubled in price without notification.","Payment Failure"
"Membership auto-renewed at wrong tier.","Payment Failure"
"Cancelled subscription, still charged.","Payment Failure"
"Free trial billed me on day 7 even though I cancelled day 3.","Payment Failure"
"Pro plan upgrade was unauthorized.","Payment Failure"
"Pre-authorization hold not released after 3 weeks.","Payment Failure"
"Hold on my account for an order that was cancelled.","Payment Failure"
"Pending charge stuck for 5 days now.","Payment Failure"
"Pre-auth amount different from final charge.","Payment Failure"
"Authorization charge twice the order total.","Payment Failure"
"Hold on funds well above order value.","Payment Failure"
"Multiple pre-auths pending, none clearing.","Payment Failure"
"Pending charges accumulating, can you clear them?","Payment Failure"
"Authorization expired but funds still held.","Payment Failure"
"Bank flagging pre-auth as suspicious.","Payment Failure"
"Cart total changed after payment — got charged different.","Payment Failure"
"Charged before order confirmed.","Payment Failure"
"Payment processed but order page errored out.","Payment Failure"
"Got a charge with no order email.","Payment Failure"
"Item out of stock yet I was charged.","Payment Failure"
"Charge appeared, no email confirmation.","Payment Failure"
"Order missing from account, but charged for it.","Payment Failure"
"Statement shows charge, app shows no order.","Payment Failure"
"Receipt is for items I didn't buy.","Payment Failure"
"Order number doesn't exist, but you charged me.","Payment Failure"
"Gift card balance vanished after my payment.","Payment Failure"
"Used gift card and was still charged full.","Payment Failure"
"Gift card amount not deducted from total.","Payment Failure"
"Store credit not applied to my purchase.","Payment Failure"
"Promo balance disappeared with no order.","Payment Failure"
"Loyalty points didn't redeem.","Payment Failure"
"Reward dollars not applied at checkout.","Payment Failure"
"Gift card pin invalid even though new.","Payment Failure"
"E-gift card sent to wrong email.","Payment Failure"
"Promo code applied but discount not visible on receipt.","Payment Failure"
"Why was my card charged a foreign transaction fee?","Payment Failure"
"FX fee added without disclosure.","Payment Failure"
"Local currency conversion seems wrong.","Payment Failure"
"Charged USD instead of GBP.","Payment Failure"
"Wrong currency on my invoice.","Payment Failure"
"Card charged twice in different currencies.","Payment Failure"
"Exchange rate used is way off market.","Payment Failure"
"International fee on a domestic order?","Payment Failure"
"Why is there a cross-border charge?","Payment Failure"
"Sales tax for the wrong state was applied.","Payment Failure"
"Tax exempt status not recognized on order.","Payment Failure"
"VAT charged on a non-EU order.","Payment Failure"
"GST should not apply, I'm overseas.","Payment Failure"
"Resale certificate not honored, tax charged.","Payment Failure"
"Tax line item is incorrect.","Payment Failure"
"No tax on this item type, why was it charged?","Payment Failure"
"Charity exempt org, tax should be removed.","Payment Failure"
"Tax-free state, why was tax applied?","Payment Failure"
"School district exemption ignored.","Payment Failure"
"Order failed but my bank balance is lower.","Payment Failure"
"Quick payment dispute — charge I don't recognize.","Payment Failure"
"Unknown charge from your company.","Payment Failure"
"I never made this purchase, please explain.","Payment Failure"
"Fraudulent transaction on my account.","Payment Failure"
"I want to dispute this charge.","Payment Failure"
"Initiating chargeback on order 33002.","Payment Failure"
"Bank notified of suspicious charge from your store.","Payment Failure"
"Card stolen, see charges from you — please cancel.","Payment Failure"
"Lost card, unrecognized charges from your site.","Payment Failure"
"Card number I don't own showing on my account.","Payment Failure"
"Payment processor error message — please advise.","Payment Failure"
"Stripe error code 402 at checkout.","Payment Failure"
"PayPal error E12 — what does it mean?","Payment Failure"
"Visa direct authorization denied.","Payment Failure"
"Bank says no funds reserved, but order failed.","Payment Failure"
"Network timeout during payment, did it go through?","Payment Failure"
"Connection dropped mid-payment, order status?","Payment Failure"
"Browser crashed during checkout, charged twice.","Payment Failure"
"Refresh after payment, now shows pending.","Payment Failure"
"Mobile app froze during pay step.","Payment Failure"
"Could you split payment between two cards?","Payment Failure"
"Why can't I pay with two different cards?","Payment Failure"
"Partial card payment failed.","Payment Failure"
"Half on card, half on gift card — didn't work.","Payment Failure"
"Cash on delivery option missing for my region.","Payment Failure"
"Bank transfer details for an international order?","Payment Failure"
"Wire transfer charge but no order confirmation.","Payment Failure"
"ACH debit failed, retry?","Payment Failure"
"Direct debit setup failed.","Payment Failure"
"Bank account verification charge wasn't refunded.","Payment Failure"
"Card on file used without my consent.","Payment Failure"
"Saved card charged after I removed it.","Payment Failure"
"Old card still being used for charges.","Payment Failure"
"Default payment method changed without my action.","Payment Failure"
"I never authorized recurring on this card.","Payment Failure"
"Auto-pay enabled without my permission.","Payment Failure"
"Stored card used for purchase I didn't make.","Payment Failure"
"Multiple cards on file, wrong one was charged.","Payment Failure"
"Why isn't my new card showing as default?","Payment Failure"
"Can't change default payment method.","Payment Failure"
"Payment hold on the wrong order.","Payment Failure"
"Charge held for order I cancelled within an hour.","Payment Failure"
"Order cancelled but charge still showing pending.","Payment Failure"
"Why is there still a pending charge for a cancelled order?","Payment Failure"
"Cancellation email received but no refund initiated.","Payment Failure"
"Cancelled item still being processed for payment.","Payment Failure"
"Order cancelled by you, charge remains.","Payment Failure"
"Refund cancellation immediately please.","Payment Failure"
"Cancellation request ignored, card still charged.","Payment Failure"
"Pre-order cancelled, charge stayed.","Payment Failure"
"Charged before my pre-order even shipped.","Payment Failure"
"Pre-order processed payment 2 months before delivery.","Payment Failure"
"Why was my deposit fully charged?","Payment Failure"
"Deposit on a pre-order matches the full price?","Payment Failure"
"Hold for upcoming product became full charge.","Payment Failure"
"Pre-order date passed, charge still doesn't make sense.","Payment Failure"
"Final balance on pre-order not deducted from deposit.","Payment Failure"
"Pre-order discount not applied at final charge.","Payment Failure"
"Was charged before product even released.","Payment Failure"
"Pre-order full charge but item delayed indefinitely.","Payment Failure"
"Saw a 'returned funds' message but no actual money back.","Payment Failure"
"Reverse charge notification but balance unchanged.","Payment Failure"
"Bank confirmation of refund, statement shows nothing.","Payment Failure"
"Echoed transactions doubling my charges.","Payment Failure"
"Card chargeback won, but you sent another invoice.","Payment Failure"
"Dispute resolved in my favor but charge persists.","Payment Failure"
"Bank reissued my refund and was reversed by you?","Payment Failure"
"Why is my reversed charge back?","Payment Failure"
"Refund clawed back by your end.","Payment Failure"
"Refund reversed without explanation.","Payment Failure"
"Invoice mismatch — charged $50 over.","Payment Failure"
"Hidden $10 charge not on the order receipt.","Payment Failure"
"Surcharge added that wasn't disclosed.","Payment Failure"
"Processing fee added — wasn't there at checkout.","Payment Failure"
"Convenience fee never mentioned.","Payment Failure"
"Service charge appeared after the fact.","Payment Failure"
"Restocking fee charged on order I didn't return.","Payment Failure"
"Cancellation fee for a free-cancellation product.","Payment Failure"
"Surprise late payment fee on a paid invoice.","Payment Failure"
"Bank says you charged twice with different merchant IDs.","Payment Failure"
"There's a suspicious login from a device I don't recognize.","Account / Security"
"I can't log into my account, password reset isn't working.","Account / Security"
"Got an alert about a new login from another country.","Account / Security"
"My account was locked, how do I unlock it?","Account / Security"
"Someone may have hacked my account.","Account / Security"
"I'm locked out and the recovery email isn't arriving.","Account / Security"
"Two-factor codes are not coming through.","Account / Security"
"I think my account was compromised, please help.","Account / Security"
"Need to update my email on file.","Account / Security"
"Reset link in email expired before I clicked it.","Account / Security"
"Suspicious email pretending to be from your support.","Account / Security"
"Phishing attempt with my account info.","Account / Security"
"Account shows orders I never placed.","Account / Security"
"Login from Russia last night, wasn't me.","Account / Security"
"Foreign IP login alert — please investigate.","Account / Security"
"Unknown device just logged into my account.","Account / Security"
"Login alert for a city I've never been to.","Account / Security"
"Strange browser session active on my account.","Account / Security"
"Multiple failed login attempts from another country.","Account / Security"
"Brute force attempts on my account detected.","Account / Security"
"Suspicious activity in my account history.","Account / Security"
"Login notification for an IP I don't own.","Account / Security"
"Active session in another time zone.","Account / Security"
"Locked out for too many attempts but I never tried.","Account / Security"
"Account locked even though I just logged in fine.","Account / Security"
"I'm locked out of my account suddenly.","Account / Security"
"Account access denied with no warning.","Account / Security"
"Account suspended without explanation.","Account / Security"
"Locked account, can't reach support.","Account / Security"
"Logged out everywhere and can't log back in.","Account / Security"
"Frozen account, please unfreeze.","Account / Security"
"Disabled account by mistake, please restore.","Account / Security"
"Banned without reason.","Account / Security"
"Account inaccessible, please advise.","Account / Security"
"Password reset email never arrives.","Account / Security"
"Tried to reset password 10 times, nothing came.","Account / Security"
"Forgot password and reset is broken.","Account / Security"
"Password change failed with error.","Account / Security"
"New password not accepted, says doesn't meet criteria but it does.","Account / Security"
"Reset link broken — leads to 404.","Account / Security"
"Old password still works even after reset.","Account / Security"
"Password too weak per your system, but it's strong.","Account / Security"
"Cannot create a strong enough password to meet requirements.","Account / Security"
"Reset emails going to spam, can you whitelist?","Account / Security"
"2FA codes not arriving via SMS.","Account / Security"
"Authenticator app code not accepted.","Account / Security"
"Lost 2FA device, how do I recover?","Account / Security"
"Backup codes don't work for 2FA.","Account / Security"
"2FA SMS to wrong number, how to fix?","Account / Security"
"Disabled 2FA, but still asking for it.","Account / Security"
"TOTP code rejected as invalid.","Account / Security"
"Time-based 2FA not syncing.","Account / Security"
"Hardware key not recognized.","Account / Security"
"Cannot register a new 2FA device.","Account / Security"
"Phone number on file is outdated, need to update.","Account / Security"
"Email on profile is wrong, please correct.","Account / Security"
"Address update on account please.","Account / Security"
"Profile picture won't upload.","Account / Security"
"Name on account misspelled.","Account / Security"
"Billing address change on my profile.","Account / Security"
"Change my country setting.","Account / Security"
"Update payment method on file.","Account / Security"
"Change linked Google account.","Account / Security"
"Update emergency contact info.","Account / Security"
"Suspicious email from support-secure domain — phishing?","Account / Security"
"Got an email asking for my password — is this you?","Account / Security"
"Phishing attempt — they had my order number.","Account / Security"
"Fake password reset email — wasn't me.","Account / Security"
"Scam call pretending to be your security team.","Account / Security"
"SMS asking me to verify my login — looks fake.","Account / Security"
"Email links to a different domain — phishing?","Account / Security"
"Suspicious URL in 'order confirmation' email.","Account / Security"
"Fraud email about my account — please verify it's not real.","Account / Security"
"Random verification text I didn't request.","Account / Security"
"My account placed an order I never authorized.","Account / Security"
"Unauthorized order on my account.","Account / Security"
"Someone bought stuff using my saved card.","Account / Security"
"Order in my history that I never made.","Account / Security"
"Items shipped to an address I don't know.","Account / Security"
"Unrecognized item in my order history.","Account / Security"
"Mystery order on my account dashboard.","Account / Security"
"Someone's using my account to buy gift cards.","Account / Security"
"Account drained of loyalty points.","Account / Security"
"Saved cards used by someone else.","Account / Security"
"Account hacked, please freeze immediately.","Account / Security"
"I think my account is compromised.","Account / Security"
"Help, someone got into my account.","Account / Security"
"Hacker logged into my account just now.","Account / Security"
"My account password was changed without me.","Account / Security"
"Account email was changed by someone.","Account / Security"
"Recovery email replaced by attacker.","Account / Security"
"Phone number swapped on my account.","Account / Security"
"Saved address added that isn't mine.","Account / Security"
"Account is now in someone else's name.","Account / Security"
"How do I recover my account?","Account / Security"
"Recovery process not working.","Account / Security"
"Account recovery taking too long.","Account / Security"
"Recovery questions don't match what I set.","Account / Security"
"Old security questions answers are not accepted.","Account / Security"
"Reset my account back to my control please.","Account / Security"
"Trusted device prompt rejects my response.","Account / Security"
"Device verification loop — I confirmed but it asks again.","Account / Security"
"Browser keeps requiring 2FA on trusted device.","Account / Security"
"Verification email asks me to click but no button shows.","Account / Security"
"Stuck on identity verification screen.","Account / Security"
"ID verification submitted but rejected.","Account / Security"
"Verification took weeks, account still locked.","Account / Security"
"Government ID verification keeps failing.","Account / Security"
"Selfie verification not accepted.","Account / Security"
"Address verification document rejected.","Account / Security"
"Need to delete my account.","Account / Security"
"Privacy request — delete all my data.","Account / Security"
"GDPR data deletion request.","Account / Security"
"Account closure with data export, please.","Account / Security"
"Want to cancel my membership permanently.","Account / Security"
"Erase my profile entirely.","Account / Security"
"Stop all communications and remove me from your system.","Account / Security"
"Right to be forgotten request.","Account / Security"
"Account deactivation request.","Account / Security"
"Close my account immediately.","Account / Security"
"Two accounts created with the same email, merge them please.","Account / Security"
"I have a duplicate account, how to consolidate?","Account / Security"
"Mistakenly signed up twice, please merge.","Account / Security"
"Family member created account under my email.","Account / Security"
"Old account locked, new one needs my history transferred.","Account / Security"
"Migrating from one account to another.","Account / Security"
"Lost access to old account, want to transfer balance.","Account / Security"
"Account associated with wrong email — switch please.","Account / Security"
"Cannot login with social account anymore.","Account / Security"
"Google linked account broken, how to relink?","Account / Security"
"Facebook login no longer works for me.","Account / Security"
"Apple sign-in option missing now.","Account / Security"
"SSO with my company login failed.","Account / Security"
"OAuth error trying to log in.","Account / Security"
"Social account disconnect not saving.","Account / Security"
"Login redirect loop, can't get in.","Account / Security"
"Constant CAPTCHA prevents login.","Account / Security"
"Login page errors on every attempt.","Account / Security"
"Session keeps expiring instantly.","Account / Security"
"Login form throws 500 error.","Account / Security"
"Can't enable 2FA, settings page errors.","Account / Security"
"Settings page won't load.","Account / Security"
"Privacy settings page is blank.","Account / Security"
"Notifications toggle won't save.","Account / Security"
"Profile changes don't persist.","Account / Security"
"Saved address keeps disappearing.","Account / Security"
"Payment method I deleted is back.","Account / Security"
"Settings reverting after I log out.","Account / Security"
"Preferences not syncing across devices.","Account / Security"
"Mobile app shows different account info.","Account / Security"
"Confirmation email for password change came from a strange domain.","Account / Security"
"Verification text came from short code I don't recognize.","Account / Security"
"Security alert email had different branding.","Account / Security"
"Login notification came with strange link.","Account / Security"
"Hi, want to confirm an email I got is legit.","Account / Security"
"Could this email be real? It looks suspicious.","Account / Security"
"Got an SMS — is this from you?","Account / Security"
"Verify this contact please.","Account / Security"
"Is this number actually your support?","Account / Security"
"Caller ID showed your name but voice sounded scammy.","Account / Security"
"Account marked compromised but I see no breach activity.","Account / Security"
"Got a 'data breach' email — was my account in it?","Account / Security"
"Was my data part of the recent breach?","Account / Security"
"Breach notification doesn't include what was exposed.","Account / Security"
"Identity theft concern after seeing your alert.","Account / Security"
"Need a list of devices logged in.","Account / Security"
"Active sessions page is empty but I'm logged in.","Account / Security"
"Logout all devices button doesn't work.","Account / Security"
"Force logout option missing from my account.","Account / Security"
"Cannot revoke a particular session.","Account / Security"
"Session activity log gone.","Account / Security"
"Login history not loading.","Account / Security"
"Cannot see when I last logged in.","Account / Security"
"Audit log missing entries.","Account / Security"
"Wrong device listed under my login history.","Account / Security"
"Recovery phone number SIM-swapped — need urgent help.","Account / Security"
"SIM swap attack — please freeze account.","Account / Security"
"Phone number ported away without authorization.","Account / Security"
"Lost my phone, locked out of 2FA.","Account / Security"
"New phone, can't restore authenticator codes.","Account / Security"
"Authenticator codes lost in phone reset.","Account / Security"
"How to migrate 2FA to new device?","Account / Security"
"Recovery codes ran out, need new ones.","Account / Security"
"Disabled 2FA without account access — possible?","Account / Security"
"Need backup access method enabled.","Account / Security"
"Account hijack reported to police, need your help.","Account / Security"
"Filed police report about account, need confirmation from you.","Account / Security"
"Insurance claim needs your fraud confirmation.","Account / Security"
"Lawyer requested my account breach details.","Account / Security"
"Court ordered access to my account data.","Account / Security"
"Subpoena response — how to request my own data.","Account / Security"
"Account data export delayed for weeks.","Account / Security"
"Data download request never delivered.","Account / Security"
"Export file corrupted, need a new one.","Account / Security"
"Pending data request — when?","Account / Security"
"Account export taking too long.","Account / Security"
"Privacy team contact please.","Account / Security"
"Account safety question — who can see my orders?","Account / Security"
"Who has access to my account history internally?","Account / Security"
"Can I make my account completely private?","Account / Security"
"My coupon code WELCOME10 says expired but the email said tomorrow.","Promotion / Pricing"
"Discount code isn't being applied at checkout.","Promotion / Pricing"
"Promo code is invalid even though it should work.","Promotion / Pricing"
"The price changed between my cart and checkout.","Promotion / Pricing"
"Why is shipping suddenly more expensive?","Promotion / Pricing"
"Sale price didn't apply to my order.","Promotion / Pricing"
"Coupon SAVE20 not working on the bundle.","Promotion / Pricing"
"Item shows discounted price but charged full at checkout.","Promotion / Pricing"
"Loyalty discount not applied automatically.","Promotion / Pricing"
"I missed the sale by an hour, can I still get the price?","Promotion / Pricing"
"Why did the price increase since yesterday?","Promotion / Pricing"
"Code FREESHIP not removing shipping cost.","Promotion / Pricing"
"Newsletter coupon doesn't apply, says invalid.","Promotion / Pricing"
"First-time-buyer discount not honored.","Promotion / Pricing"
"Birthday promo not visible in my cart.","Promotion / Pricing"
"VIP code BLACKFRIDAY expired one day early.","Promotion / Pricing"
"Cyber Monday code not working on Cyber Monday.","Promotion / Pricing"
"Black Friday discount missing at checkout.","Promotion / Pricing"
"Holiday code DISCOUNT25 won't apply.","Promotion / Pricing"
"Christmas code SANTA15 says invalid.","Promotion / Pricing"
"Why won't HELLO10 work on this item?","Promotion / Pricing"
"Storewide 20% off — but my cart doesn't reflect it.","Promotion / Pricing"
"Banner says 30% off, my checkout says full price.","Promotion / Pricing"
"Header bar promotion not pulling through.","Promotion / Pricing"
"Hero image discount missing on cart.","Promotion / Pricing"
"Site says free shipping over $50, charging me anyway.","Promotion / Pricing"
"Cart says free shipping eligible but charged shipping.","Promotion / Pricing"
"Promo bar at top of site lying about discount?","Promotion / Pricing"
"Pop-up offered 15% off, but code provided doesn't work.","Promotion / Pricing"
"Email subject line said 30% off, actual code only gave 10%.","Promotion / Pricing"
"Loyalty tier discount should be 15%, only seeing 5%.","Promotion / Pricing"
"VIP member here, why isn't my discount applied?","Promotion / Pricing"
"Gold tier should mean free shipping always.","Promotion / Pricing"
"Reward points balance vanished mid-checkout.","Promotion / Pricing"
"Why aren't my points redeeming?","Promotion / Pricing"
"Loyalty perks missing on my last 5 orders.","Promotion / Pricing"
"Member-only price not showing.","Promotion / Pricing"
"Subscriber discount not visible.","Promotion / Pricing"
"Insider price says it's applied but cart total unchanged.","Promotion / Pricing"
"Members earn 2x points — not seeing the bonus.","Promotion / Pricing"
"Coupon worked yesterday, now invalid for same item.","Promotion / Pricing"
"Why did the code stop working overnight?","Promotion / Pricing"
"Code worked in cart, removed at checkout.","Promotion / Pricing"
"Code valid per terms but rejected at pay step.","Promotion / Pricing"
"Stacking codes — why can't I use two?","Promotion / Pricing"
"Promo code conflict error — let me use both.","Promotion / Pricing"
"Single-use error but I never used the code.","Promotion / Pricing"
"Already redeemed message — never redeemed.","Promotion / Pricing"
"Coupon limit per customer — but I haven't hit any limit.","Promotion / Pricing"
"Site says one-time use, I have multiple in my email.","Promotion / Pricing"
"Sale items excluded from discount? Wasn't disclosed.","Promotion / Pricing"
"Final sale message popped up after I applied code.","Promotion / Pricing"
"Code exclusions list not visible anywhere.","Promotion / Pricing"
"Coupon T&Cs hidden — why?","Promotion / Pricing"
"Excluded brands not mentioned on promo page.","Promotion / Pricing"
"Promotion fine print is contradictory.","Promotion / Pricing"
"Minimum order $50 — my cart is $52, code still fails.","Promotion / Pricing"
"Threshold for promo not being recognized.","Promotion / Pricing"
"Item count promo wants 3, but I have 4 — code rejected.","Promotion / Pricing"
"Buy 2 get 1 promo — I added 3, no free one applied.","Promotion / Pricing"
"Free gift not added to cart despite qualifying purchase.","Promotion / Pricing"
"BOGO offer not triggering.","Promotion / Pricing"
"BOGO half off — second item full price at checkout.","Promotion / Pricing"
"Free product missing from order.","Promotion / Pricing"
"Gift with purchase not added.","Promotion / Pricing"
"Free sample option grayed out.","Promotion / Pricing"
"Add-on at promo price not honored.","Promotion / Pricing"
"Bundle discount missing — items individually charged full.","Promotion / Pricing"
"Combo set price not applied at checkout.","Promotion / Pricing"
"Mix-and-match promo failed.","Promotion / Pricing"
"Price match for competitor — won't honor mine.","Promotion / Pricing"
"Saw same item cheaper elsewhere — price match?","Promotion / Pricing"
"Price went down after my purchase — adjustment please.","Promotion / Pricing"
"Sale started day after I bought — price adjust?","Promotion / Pricing"
"Price drop within 7 days policy — please honor.","Promotion / Pricing"
"Price match guarantee not being applied.","Promotion / Pricing"
"Competitor link sent — still no price match.","Promotion / Pricing"
"Refund the difference please — sale just started.","Promotion / Pricing"
"Bought yesterday, sale today, just want the difference back.","Promotion / Pricing"
"Pre-sale price not as cheap as advertised sale.","Promotion / Pricing"
"Free shipping over $35 — total is $36 but charged $7 shipping.","Promotion / Pricing"
"Shipping promo not visible.","Promotion / Pricing"
"Free shipping code FREESHIP not applying.","Promotion / Pricing"
"Standard shipping costs double the listed amount.","Promotion / Pricing"
"Expedited shipping promo missing.","Promotion / Pricing"
"International shipping promo for EU not applying.","Promotion / Pricing"
"Free same-day delivery promo not honored.","Promotion / Pricing"
"Pickup discount not showing at checkout.","Promotion / Pricing"
"Curbside free pickup but charged a fee.","Promotion / Pricing"
"Local delivery promo failed.","Promotion / Pricing"
"Gift card balance not reducing my total.","Promotion / Pricing"
"Promo balance applied, still charged full.","Promotion / Pricing"
"Store credit not deducted properly.","Promotion / Pricing"
"Refund credit not visible in checkout.","Promotion / Pricing"
"Gift card combined with promo — error.","Promotion / Pricing"
"Code stack with gift card failed.","Promotion / Pricing"
"Gift wrap was supposed to be free with code, but charged.","Promotion / Pricing"
"Free gift wrap promo not honored.","Promotion / Pricing"
"Personalization fee charged despite promo.","Promotion / Pricing"
"Engraving fee added back at checkout.","Promotion / Pricing"
"Influencer code I tried isn't recognized.","Promotion / Pricing"
"Brand ambassador code expired immediately.","Promotion / Pricing"
"Referral code wouldn't apply to my first order.","Promotion / Pricing"
"Friend referral discount missing for both of us.","Promotion / Pricing"
"Affiliate code not honored at checkout.","Promotion / Pricing"
"Email-exclusive code rejected.","Promotion / Pricing"
"Push-notification offer expired before I could use it.","Promotion / Pricing"
"App-only deal not visible in app cart.","Promotion / Pricing"
"App vs web prices different, why?","Promotion / Pricing"
"Different price on mobile than desktop.","Promotion / Pricing"
"Currency switching changed my prices.","Promotion / Pricing"
"Country select dropped my discount.","Promotion / Pricing"
"Region change lost the cart discount.","Promotion / Pricing"
"Tax differs by region — confusing.","Promotion / Pricing"
"Local sales tax higher than expected.","Promotion / Pricing"
"Sale tax line not removed for tax-free state.","Promotion / Pricing"
"Tax exempt promo not honored.","Promotion / Pricing"
"VAT promo for EU not applying.","Promotion / Pricing"
"GST/HST issue with Canadian order.","Promotion / Pricing"
"Promo with subscribe and save not applying.","Promotion / Pricing"
"Subscribe and save 5% missing from subscription.","Promotion / Pricing"
"Recurring discount stopped applying.","Promotion / Pricing"
"Auto-ship discount not visible.","Promotion / Pricing"
"Long-time subscriber discount not applied anymore.","Promotion / Pricing"
"Quarterly subscription discount gone.","Promotion / Pricing"
"Annual prepay discount missing on renewal.","Promotion / Pricing"
"Founding member price ignored on this order.","Promotion / Pricing"
"Early-bird pricing not honored at checkout.","Promotion / Pricing"
"Founder discount removed after years.","Promotion / Pricing"
"Senior discount not applying.","Promotion / Pricing"
"Student discount not recognized.","Promotion / Pricing"
"Military discount missing.","Promotion / Pricing"
"Veteran ID upload — promo still not on.","Promotion / Pricing"
"First responder discount not visible.","Promotion / Pricing"
"Healthcare worker promo not honored.","Promotion / Pricing"
"Teacher discount didn't apply.","Promotion / Pricing"
"Education email recognized but no discount.","Promotion / Pricing"
"Government employee promo missing.","Promotion / Pricing"
"Bulk order discount disappeared.","Promotion / Pricing"
"Quantity discount not applied for big order.","Promotion / Pricing"
"Wholesale price not granted at checkout.","Promotion / Pricing"
"B2B pricing not applied to my account.","Promotion / Pricing"
"Volume discount not on my invoice.","Promotion / Pricing"
"Tiered pricing not triggering.","Promotion / Pricing"
"10+ items should get 10% — not applied.","Promotion / Pricing"
"Distributor pricing missing.","Promotion / Pricing"
"Trade pricing requested, not applied.","Promotion / Pricing"
"Custom pricing for my org not visible.","Promotion / Pricing"
"Negotiated rate not honored on this order.","Promotion / Pricing"
"Quote pricing different from invoice.","Promotion / Pricing"
"Holiday sale ending — extended this year?","Promotion / Pricing"
"Sale ended too early — banner said midnight.","Promotion / Pricing"
"Last-day sale rejected at 11:55 PM.","Promotion / Pricing"
"Timezone confusion on sale end.","Promotion / Pricing"
"Sale page says active but checkout doesn't reflect it.","Promotion / Pricing"
"Different sale on landing page than category page.","Promotion / Pricing"
"Sale prices on collection page don't match product page.","Promotion / Pricing"
"Inconsistent sale labeling on the site.","Promotion / Pricing"
"Strikethrough price on product page but full price in cart.","Promotion / Pricing"
"Discount tag visible but checkout shows MSRP.","Promotion / Pricing"
"Bundle price says $50 saved, only $20 deducted.","Promotion / Pricing"
"Buy more save more not working.","Promotion / Pricing"
"Mystery sale on homepage not actually applied.","Promotion / Pricing"
"Flash sale not loading items.","Promotion / Pricing"
"Limited-time deal expired in cart timer error.","Promotion / Pricing"
"Cart timer countdown broken.","Promotion / Pricing"
"Promo countdown timer didn't end the promo.","Promotion / Pricing"
"Code worked in incognito but not logged in.","Promotion / Pricing"
"Code applies before login, then removed.","Promotion / Pricing"
"Cannot apply code as guest.","Promotion / Pricing"
"Coupon stack doesn't work for guests.","Promotion / Pricing"
"Newsletter signup code email never came.","Promotion / Pricing"
"Welcome offer email missing.","Promotion / Pricing"
"Promo email said use code but no code in email.","Promotion / Pricing"
"Code in marketing email was already used.","Promotion / Pricing"
"Forwarded code from friend rejected — not transferable?","Promotion / Pricing"
"Influencer claimed code stack — they don't.","Promotion / Pricing"
"Affiliate website code blacklisted.","Promotion / Pricing"
"Aggregator coupon site code invalid.","Promotion / Pricing"
"Browser extension coupon failed to apply.","Promotion / Pricing"
"Cart price differs from product page — bug?","Promotion / Pricing"
"Mini cart price wrong vs cart page.","Promotion / Pricing"
"Item price changed after I added to cart.","Promotion / Pricing"
"Saved cart shows old prices.","Promotion / Pricing"
"Wishlist prices stale.","Promotion / Pricing"
"Compared prices on same SKU, different per page.","Promotion / Pricing"
"International price doesn't convert at correct rate.","Promotion / Pricing"
"Loyalty currency conversion off.","Promotion / Pricing"
"Points value calculation wrong.","Promotion / Pricing"
"Reward calculation gave me less.","Promotion / Pricing"
"Price markdown sign on shelf, full price online.","Promotion / Pricing"
"In-store vs online price mismatch.","Promotion / Pricing"
"Buy online pickup in store price different.","Promotion / Pricing"
"BOPIS discount not honored.","Promotion / Pricing"
"Curbside pickup promo missing.","Promotion / Pricing"
"Different prices for same item online and app.","Promotion / Pricing"
"Final price calculation different on each refresh.","Promotion / Pricing"
"Discount visible only intermittently.","Promotion / Pricing"
"Promo applies sometimes, not always.","Promotion / Pricing"
"A/B test gave me a different price — that's unfair.","Promotion / Pricing"
"Do you have this in stock?","Other"
"What are your store hours?","Other"
"Just wanted to say I love the product!","Other"
"Where can I find the size guide?","Other"
"Can I gift wrap this?","Other"
"Do you ship to Canada?","Other"
"How do I leave a review?","Other"
"What's your return policy?","Other"
"Is there a warranty on this item?","Other"
"When is your next sale?","Other"
"Do you have a physical store?","Other"
"Where is your nearest location?","Other"
"Are you open on Sundays?","Other"
"What time does the store close?","Other"
"What's your phone number?","Other"
"Do you have a phone hotline?","Other"
"How can I contact customer service?","Other"
"Where can I find your email address?","Other"
"Is there a live chat option?","Other"
"What time zone is your support team in?","Other"
"Is the blue version available?","Other"
"Do you restock often?","Other"
"When will item X be back in stock?","Other"
"Email me when this restocks please.","Other"
"Sold out — any restock plans?","Other"
"Notify me when back in stock?","Other"
"Backorder available for this product?","Other"
"Pre-order option for the next release?","Other"
"Out of stock notification email?","Other"
"Is this discontinued?","Other"
"Do you ship internationally?","Other"
"Do you deliver to Mexico?","Other"
"What countries do you ship to?","Other"
"Is shipping available to Norway?","Other"
"Do you serve military APO addresses?","Other"
"Can you ship to a PO box?","Other"
"Do you offer freight shipping for big items?","Other"
"Same-day delivery available in my city?","Other"
"Do you have local delivery in NYC?","Other"
"Curbside pickup possible?","Other"
"How long do returns take to process?","Other"
"Is the return label free?","Other"
"How long is the return window?","Other"
"Can I return in store?","Other"
"Do you accept opened items for return?","Other"
"Are sale items returnable?","Other"
"What's the policy on final sale items?","Other"
"Is there a restocking fee?","Other"
"Do you exchange for different size?","Other"
"Exchange policy for gifts?","Other"
"What's the warranty period?","Other"
"Is there an extended warranty option?","Other"
"Does warranty cover accidental damage?","Other"
"Manufacturer warranty info please.","Other"
"Where do I claim warranty?","Other"
"Lifetime warranty? Really?","Other"
"Warranty transferable to new owner?","Other"
"Replacement parts under warranty?","Other"
"How do I register for warranty?","Other"
"What voids the warranty?","Other"
"Do you offer gift wrap?","Other"
"Can I include a gift note?","Other"
"Is gift wrap free this season?","Other"
"Gift receipt option available?","Other"
"Can I send to a different address as a gift?","Other"
"Do you do gift boxes?","Other"
"Personalized gift options?","Other"
"Custom engraving available?","Other"
"Monogramming on bags?","Other"
"Gift card available in higher denominations?","Other"
"Just wanted to say great service today!","Other"
"Love your products, keep it up!","Other"
"Amazing experience, will buy again.","Other"
"Quick shipping, very impressed.","Other"
"Customer service rep was so helpful, thanks.","Other"
"Happy with my purchase.","Other"
"Your packaging is so cute, well done.","Other"
"Five stars across the board!","Other"
"Brand loyalty earned, thanks for the quality.","Other"
"Best shopping experience in a while!","Other"
"Need help choosing between two products.","Other"
"Which model is better for daily use?","Other"
"Difference between basic and pro version?","Other"
"Recommend based on these needs please.","Other"
"What's your bestseller?","Other"
"Most popular item in this category?","Other"
"Editor's pick for beginners?","Other"
"Suggested upgrade path from version 1?","Other"
"Better for gifting — A or B?","Other"
"Customer favorite for sensitive skin?","Other"
"What materials are used in this product?","Other"
"Where is this manufactured?","Other"
"Country of origin for this item?","Other"
"Ethically sourced ingredients?","Other"
"Sustainability info please.","Other"
"Do you use recycled materials?","Other"
"Vegan or cruelty-free claim verified?","Other"
"Allergen info on this product?","Other"
"Care instructions for the rug?","Other"
"Cleaning tips for this fabric?","Other"
"How do I leave a product review?","Other"
"Cannot post a review — site error.","Other"
"Can I update a review I left?","Other"
"Edit my old review?","Other"
"Delete my review please.","Other"
"Anonymous review option?","Other"
"Review verified buyer only?","Other"
"Photo upload limit in reviews?","Other"
"Video reviews accepted?","Other"
"Why was my review removed?","Other"
"Subscription pause possible?","Other"
"Skip next month's subscription?","Other"
"Change subscription frequency?","Other"
"Subscription customization options?","Other"
"Different products each month — possible?","Other"
"Curate the box myself?","Other"
"Surprise me option for next box?","Other"
"Cancel after 3 months — any fee?","Other"
"Gift the subscription?","Other"
"Pause for vacation, please.","Other"
"Career opportunities at your company?","Other"
"Where do I apply for a job?","Other"
"Are you hiring?","Other"
"Internship programs available?","Other"
"Wholesale or B2B inquiries?","Other"
"Partnership opportunities?","Other"
"Press contact email please.","Other"
"Influencer collaboration program?","Other"
"Affiliate program details?","Other"
"Becoming a vendor — process?","Other"
"Are you signed up for a loyalty program?","Other"
"How do I join your rewards?","Other"
"Loyalty tiers explained?","Other"
"Reward redemption options?","Other"
"Birthday gift from your loyalty program?","Other"
"Anniversary perk explained?","Other"
"Member-only events?","Other"
"Early access for VIPs?","Other"
"Reward expiry timeline?","Other"
"Transfer points to someone else?","Other"
"Mobile app vs website difference?","Other"
"App-exclusive features?","Other"
"Issue with mobile app login.","Other"
"App crashes when I add to cart.","Other"
"Notifications not working on app.","Other"
"App version is outdated, when's the update?","Other"
"Push notification preferences?","Other"
"Dark mode in the app?","Other"
"Accessibility options in the app?","Other"
"Screen reader compatibility?","Other"
"Just curious about your sourcing.","Other"
"Where does your cotton come from?","Other"
"Fair trade certifications?","Other"
"Labor practices info please.","Other"
"Animal testing policy?","Other"
"Are you carbon neutral?","Other"
"Recycling program for packaging?","Other"
"Trade-in program for old products?","Other"
"Donation matching available?","Other"
"Charity partnerships?","Other"
"Newsletter signup link?","Other"
"Unsubscribe from emails.","Other"
"Frequency of marketing emails too high.","Other"
"Switch to less frequent emails?","Other"
"Email preferences page?","Other"
"SMS opt-out instructions?","Other"
"Push notification opt-out?","Other"
"Direct mail catalog request?","Other"
"Stop sending me catalogs please.","Other"
"Add me to mailing list.","Other"
"Browser compatibility — Safari?","Other"
"Old browser, does your site work?","Other"
"Site keeps freezing in Firefox.","Other"
"Slow page load — is it your server?","Other"
"Mobile site bug to report.","Other"
"Search bar not returning correct results.","Other"
"Filter for color isn't working.","Other"
"Pagination issue on category page.","Other"
"Image zoom not loading.","Other"
"Product video missing on some pages.","Other"
"What's the difference between two SKUs?","Other"
"Specs comparison tool?","Other"
"Side-by-side product compare?","Other"
"Detailed dimensions for the desk?","Other"
"Weight of the product?","Other"
"Voltage requirement?","Other"
"Wattage usage of the appliance?","Other"
"Battery type for the remote?","Other"
"Compatible with my older model?","Other"
"Backward compatibility for accessories?","Other"
"Inquiry about a new product launch.","Other"
"When's your next collection drop?","Other"
"Upcoming season previews?","Other"
"Spring collection release date?","Other"
"Limited edition restock date?","Other"
"Collaboration drop release time?","Other"
"Pre-launch waitlist?","Other"
"VIP access to drops?","Other"
"Notify me of all new launches?","Other"
"Just signed up — what's next?","Other"
